{"cameraMode":{"drawMode":0,"name":"Shaded","section":"Shading Mode"},"sceneLighting":true,"audioPlay":false,"sceneViewState":{"showFog":true,"showMaterialUpdate":false,"showSkybox":true,"showFlares":true,"showImageEffects":true,"showParticleSystems":true},"in2DMode":false,"pivot":{"x":-4.217535495758057,"y":1.4060173034667969,"z":75.38485717773438},"rotation":{"x":-0.17935483157634736,"y":-0.42782333493232729,"z":0.08703643828630448,"w":-0.881602942943573},"size":11.01060676574707,"orthographic":false}